<?xml version="1.0" encoding="utf-8"?>
<Settings>
	<Sitecore>
		<IdentityServer>
			<Clients>
				<!-- used to authenticate servers with client id and client secret -->
				<CliServerClient>
					<ClientId>$(env:IdServerClientId)</ClientId>
					<ClientName>$(env:IdServerClientId)</ClientName>
					<AccessTokenType>0</AccessTokenType>
					<AccessTokenLifetimeInSeconds>3600</AccessTokenLifetimeInSeconds>
					<IdentityTokenLifetimeInSeconds>3600</IdentityTokenLifetimeInSeconds>
					<RequireClientSecret>true</RequireClientSecret>
					<AllowOfflineAccess>false</AllowOfflineAccess>
					<AllowedGrantTypes>
						<!--
                    client_credentials authenticates with client ID and client secret
                    which is good for CI, tools, etc. However, it's not tied to a USER,
                    it's tied to a client ID.
						-->
						<AllowedGrantType1>client_credentials</AllowedGrantType1>
					</AllowedGrantTypes>
					<ClientSecrets>
						<ClientSecret1>$(env:IdServerClientSecret)</ClientSecret1>
					</ClientSecrets>
					<AllowedScopes>
						<!-- this is required even if not a 'user' for Sitecore to like us -->
						<AllowedScope3>sitecore.profile.api</AllowedScope3>
					</AllowedScopes>
				</CliServerClient>
			</Clients>
		</IdentityServer>
	</Sitecore>
</Settings>