{
    "namespace": "iData.Feature.CoveoHeadless",
    "references": [
        "iData.Feature.Serialization"
    ],
    "items": {
        "includes": [
            {
                "name": "Templates",
                "path": "/sitecore/templates/Feature/CoveoHeadless",
                "scope": "itemAndDescendants",
                "allowedPushOperations": "createUpdateAndDelete"
            },
            {
                "name": "Branch Templates",
                "path": "/sitecore/templates/Branches/Feature/CoveoHeadless",
                "scope": "itemAndDescendants",
                "allowedPushOperations": "createUpdateAndDelete"
            },
            {
                "name": "Renderings",
                "path": "/sitecore/layout/Renderings/Feature/CoveoHeadless",
                "scope": "itemAndDescendants",
                "allowedPushOperations": "createUpdateAndDelete"
            },
            {
                "name": "Placeholder Settings",
                "path": "/sitecore/layout/Placeholder Settings/Feature/CoveoHeadless",
                "scope": "itemAndDescendants",
                "allowedPushOperations": "createUpdateAndDelete"
            },
            {
                "name": "Media",
                "path": "/sitecore/media library/Feature/CoveoHeadless",
                "scope": "itemAndDescendants",
                "allowedPushOperations": "createUpdateAndDelete"
            },
            {
                "name": "RenderingsContentResolvers",
                "path": "/sitecore/system/Modules/Layout Service/Rendering Contents Resolvers/Feature/CoveoHeadless",
                "scope": "itemAndDescendants",
                "allowedPushOperations": "createUpdateAndDelete"
            }
        ]
    }
}