{
    "namespace": "iData.Feature.CoveoSearch",
    "references": [
        "iData.Feature.Serialization"
    ],
    "items": {
        "includes": [
          {
            "name": "Adjusted and custom Coveo Field Types",
            "path": "/sitecore/system/Field types/Coveo Types/",
            "scope": "DescendantsOnly",
            "database": "core",
            "rules": [
              {
                "path": "/Custom Date Range Picker",
                "scope": "SingleItem",
                "allowedPushOperations": "CreateAndUpdate"
              },
              {
                "path": "*",
                "scope": "Ignored"
              }
            ]
          },
          {
            "name": "Coveo custom item rules",
            "path": "/sitecore/system/Settings/Rules/Definitions/Elements/Coveo Items/",
            "scope": "DescendantsOnly",
            "database": "master",
            "rules": [
              {
                "path": "/Computed index field relates to datasets Item Id",
                "scope": "SingleItem",
                "allowedPushOperations": "CreateAndUpdate"
              },
              {
                "path": "*",
                "scope": "Ignored"
              }
            ]
          }
        ]
    }
}