<?xml version="1.0" encoding="utf-8"?> <?xml-stylesheet type="text/xsl" href="http://www.sitecore.net/licenseviewer/license.xsl"?><signedlicense id="20220315015312"><Signature><SignedInfo xmlns="http://www.w3.org/2000/09/xmldsig#"><CanonicalizationMethod Algorithm="http://www.w3.org/TR/2001/REC-xml-c14n-20010315" /><SignatureMethod Algorithm="http://www.w3.org/2000/09/xmldsig#rsa-sha1" /><Reference URI="#SiteCore.License"><DigestMethod Algorithm="http://www.w3.org/2000/09/xmldsig#sha1" /><DigestValue>v5S/D3vk+ftHgOe3bAOENvhpZn8=</DigestValue></Reference></SignedInfo><SignatureValue xmlns="http://www.w3.org/2000/09/xmldsig#">fYSED9E5pavk+tsyCnMZ6rS16Ha/C7qIcpWu8yPpODsr5QZEDOnYRQe53HVj23hq9xpJqg/wLbURaptS4AG4/pOx0NMJMhU+hHDjz+KWvqznsz0ZXHiDL0p9Ot5zPx88WGLdX6KgL4Gq3CXvJjMzD6OnppJfm0uQqAwzMpx9FTE=</SignatureValue><KeyInfo xmlns="http://www.w3.org/2000/09/xmldsig#"><KeyValue><RSAKeyValue><Modulus>wRSGFs73V0JMKVVRCX9pEVmluvNojvtDvzHduZ+pX458q9THGbti8zEty6ydF7nxVFCRriONFm6w+PtcZhRT+eXMb21jzY6biII4BXdh91BmVZ96FyYROMnHS6zjfK7+oDbsVV8XWkZ11DiHa+9wySxQcc4fBd23xGYpo52p2fc=</Modulus><Exponent>AQAB</Exponent></RSAKeyValue></KeyValue></KeyInfo><Object Id="SiteCore.License" xmlns="http://www.w3.org/2000/09/xmldsig#"><license xmlns=""><id>20220315015312</id><expiration>21000101T000000</expiration><version>10</version><urls>?</urls><licensee>International Monetary Fund</licensee><companyno /><purpose /><address /><countryiso>US</countryiso><country>United States</country><reseller /><resellerurl /><licenseagreement id="{41192D07-0B58-4957-BEBB-C4BEEAC3878A}" title="License Agreement"><![CDATA[Your usage rights to the Sitecore Software are as set forth in your license agreement with Sitecore.]]></licenseagreement></license></Object></Signature><Signature><SignedInfo xmlns="http://www.w3.org/2000/09/xmldsig#"><CanonicalizationMethod Algorithm="http://www.w3.org/TR/2001/REC-xml-c14n-20010315" /><SignatureMethod Algorithm="http://www.w3.org/2000/09/xmldsig#rsa-sha1" /><Reference URI="#Sitecore.Automation"><DigestMethod Algorithm="http://www.w3.org/2000/09/xmldsig#sha1" /><DigestValue>9WDcUcTSm3DNle5G4OLeZggx5s8=</DigestValue></Reference></SignedInfo><SignatureValue xmlns="http://www.w3.org/2000/09/xmldsig#">f2PfAVGma5ftZ456Al8g7fzLabuWypymg/GUsAcBE0AUC9+meMYLFx6Z+bGtYR7YZ0UZebzPYI6S5XjnuI1Qtqe1CbABKYhwwNJIS1D+BFof2d4a9wTHjbRIQcRVQjRB1c7vJ036iflNEAc4O1z0JybBPol4R1ylxmyUObjPu2A=</SignatureValue><KeyInfo xmlns="http://www.w3.org/2000/09/xmldsig#"><KeyValue><RSAKeyValue><Modulus>wRSGFs73V0JMKVVRCX9pEVmluvNojvtDvzHduZ+pX458q9THGbti8zEty6ydF7nxVFCRriONFm6w+PtcZhRT+eXMb21jzY6biII4BXdh91BmVZ96FyYROMnHS6zjfK7+oDbsVV8XWkZ11DiHa+9wySxQcc4fBd23xGYpo52p2fc=</Modulus><Exponent>AQAB</Exponent></RSAKeyValue></KeyValue></KeyInfo><Object Id="Sitecore.Automation" xmlns="http://www.w3.org/2000/09/xmldsig#"><module xmlns=""><idref>20220315015312</idref><name>Sitecore.Automation</name><count>1</count><expiration>21000101T000000</expiration><version>10</version><comment /><licenseagreement>?</licenseagreement></module></Object></Signature><Signature><SignedInfo xmlns="http://www.w3.org/2000/09/xmldsig#"><CanonicalizationMethod Algorithm="http://www.w3.org/TR/2001/REC-xml-c14n-20010315" /><SignatureMethod Algorithm="http://www.w3.org/2000/09/xmldsig#rsa-sha1" /><Reference URI="#SiteCore.ContentManager"><DigestMethod Algorithm="http://www.w3.org/2000/09/xmldsig#sha1" /><DigestValue>z79hML61ao+9fe/e1J5H3mfarrY=</DigestValue></Reference></SignedInfo><SignatureValue xmlns="http://www.w3.org/2000/09/xmldsig#">Unr4AAp8Sa/OS8wTVSlAicGeNHgF+MgrtlJSqj0USKf3Trv2GTmilxf4Cy48myu0XpRAShW0iCnq3Dv/NsjIJZwTCQY/lbectAejuqKaqnSebWDz4qCAJwLa4l0pQsGeMeteukLKxoIgT8dcvxkaAkBx18YktN70qu1wjxJaAvc=</SignatureValue><KeyInfo xmlns="http://www.w3.org/2000/09/xmldsig#"><KeyValue><RSAKeyValue><Modulus>wRSGFs73V0JMKVVRCX9pEVmluvNojvtDvzHduZ+pX458q9THGbti8zEty6ydF7nxVFCRriONFm6w+PtcZhRT+eXMb21jzY6biII4BXdh91BmVZ96FyYROMnHS6zjfK7+oDbsVV8XWkZ11DiHa+9wySxQcc4fBd23xGYpo52p2fc=</Modulus><Exponent>AQAB</Exponent></RSAKeyValue></KeyValue></KeyInfo><Object Id="SiteCore.ContentManager" xmlns="http://www.w3.org/2000/09/xmldsig#"><module xmlns=""><idref>20220315015312</idref><name>SiteCore.ContentManager</name><count>1</count><expiration>21000101T000000</expiration><version>10</version><comment /><licenseagreement>?</licenseagreement></module></Object></Signature><Signature><SignedInfo xmlns="http://www.w3.org/2000/09/xmldsig#"><CanonicalizationMethod Algorithm="http://www.w3.org/TR/2001/REC-xml-c14n-20010315" /><SignatureMethod Algorithm="http://www.w3.org/2000/09/xmldsig#rsa-sha1" /><Reference URI="#Sitecore.Environment"><DigestMethod Algorithm="http://www.w3.org/2000/09/xmldsig#sha1" /><DigestValue>2ksoTsmo9ujFNXYcJc5WVOtoqJk=</DigestValue></Reference></SignedInfo><SignatureValue xmlns="http://www.w3.org/2000/09/xmldsig#">uLneeD+RqsghK74DpoWxC6K/HI4nk76gtf/FVJt7l6c5DKr+0eCAeDJrLsvmn49beis0oTbmgkW5t3BV8pBE5ZTMuTQCeDUy1wcDwhB2ND3SFJNcxnyrTHDcua6zxQ4UjTHnK439eTJyegMdo6Cy95iq57uPt7JZNKI4EANVylQ=</SignatureValue><KeyInfo xmlns="http://www.w3.org/2000/09/xmldsig#"><KeyValue><RSAKeyValue><Modulus>wRSGFs73V0JMKVVRCX9pEVmluvNojvtDvzHduZ+pX458q9THGbti8zEty6ydF7nxVFCRriONFm6w+PtcZhRT+eXMb21jzY6biII4BXdh91BmVZ96FyYROMnHS6zjfK7+oDbsVV8XWkZ11DiHa+9wySxQcc4fBd23xGYpo52p2fc=</Modulus><Exponent>AQAB</Exponent></RSAKeyValue></KeyValue></KeyInfo><Object Id="Sitecore.Environment" xmlns="http://www.w3.org/2000/09/xmldsig#"><module xmlns=""><idref>20220315015312</idref><name>Sitecore.Environment</name><count>1</count><expiration>21000101T000000</expiration><version>10</version><comment /><licenseagreement>?</licenseagreement></module></Object></Signature><Signature><SignedInfo xmlns="http://www.w3.org/2000/09/xmldsig#"><CanonicalizationMethod Algorithm="http://www.w3.org/TR/2001/REC-xml-c14n-20010315" /><SignatureMethod Algorithm="http://www.w3.org/2000/09/xmldsig#rsa-sha1" /><Reference URI="#Sitecore.FederatedExperienceManager"><DigestMethod Algorithm="http://www.w3.org/2000/09/xmldsig#sha1" /><DigestValue>LS2JWmLNktaYi3HMhDpsoOc2968=</DigestValue></Reference></SignedInfo><SignatureValue xmlns="http://www.w3.org/2000/09/xmldsig#">GOG56SP4WePArQrTBEr/x7K9hcjguLk1EXoTiZZNUAzBVqUY/1aL5TgRBOiVteCPXEMWO1qyZMLnpDF+cSRp959BjBlPU/LmfOcKWJFLhxsbIjYOVl1FY2j/bus+fo+6uCcP8JxIIGlfrk1Xl6grBEbuT8NZSspPu6C4D9SYkGY=</SignatureValue><KeyInfo xmlns="http://www.w3.org/2000/09/xmldsig#"><KeyValue><RSAKeyValue><Modulus>wRSGFs73V0JMKVVRCX9pEVmluvNojvtDvzHduZ+pX458q9THGbti8zEty6ydF7nxVFCRriONFm6w+PtcZhRT+eXMb21jzY6biII4BXdh91BmVZ96FyYROMnHS6zjfK7+oDbsVV8XWkZ11DiHa+9wySxQcc4fBd23xGYpo52p2fc=</Modulus><Exponent>AQAB</Exponent></RSAKeyValue></KeyValue></KeyInfo><Object Id="Sitecore.FederatedExperienceManager" xmlns="http://www.w3.org/2000/09/xmldsig#"><module xmlns=""><idref>20220315015312</idref><name>Sitecore.FederatedExperienceManager</name><count>1</count><expiration>21000101T000000</expiration><version>10</version><comment /><licenseagreement>?</licenseagreement></module></Object></Signature><Signature><SignedInfo xmlns="http://www.w3.org/2000/09/xmldsig#"><CanonicalizationMethod Algorithm="http://www.w3.org/TR/2001/REC-xml-c14n-20010315" /><SignatureMethod Algorithm="http://www.w3.org/2000/09/xmldsig#rsa-sha1" /><Reference URI="#Sitecore.JSS"><DigestMethod Algorithm="http://www.w3.org/2000/09/xmldsig#sha1" /><DigestValue>rmBWtoN4vszutQzsKi1X5S3JPCc=</DigestValue></Reference></SignedInfo><SignatureValue xmlns="http://www.w3.org/2000/09/xmldsig#">wI/BNV0Vnvud1aNW1wWw/QxIs9TEXO+9tL1h2svFb+TIbnIyclVeUEscLCXDxTxLhzNXYardS0Gq7PKsoeCmAq3CBtVY5NoKZGRLtEW+MrfTjEBnjQlqNZeHiiFGOCsOHmHHU/W9bt5Qct/ldiOIL35UfQyLbdZkzE09AOra8Z8=</SignatureValue><KeyInfo xmlns="http://www.w3.org/2000/09/xmldsig#"><KeyValue><RSAKeyValue><Modulus>wRSGFs73V0JMKVVRCX9pEVmluvNojvtDvzHduZ+pX458q9THGbti8zEty6ydF7nxVFCRriONFm6w+PtcZhRT+eXMb21jzY6biII4BXdh91BmVZ96FyYROMnHS6zjfK7+oDbsVV8XWkZ11DiHa+9wySxQcc4fBd23xGYpo52p2fc=</Modulus><Exponent>AQAB</Exponent></RSAKeyValue></KeyValue></KeyInfo><Object Id="Sitecore.JSS" xmlns="http://www.w3.org/2000/09/xmldsig#"><module xmlns=""><idref>20220315015312</idref><name>Sitecore.JSS</name><count>1</count><expiration>21000101T000000</expiration><version>10</version><comment /><licenseagreement>?</licenseagreement></module></Object></Signature><Signature><SignedInfo xmlns="http://www.w3.org/2000/09/xmldsig#"><CanonicalizationMethod Algorithm="http://www.w3.org/TR/2001/REC-xml-c14n-20010315" /><SignatureMethod Algorithm="http://www.w3.org/2000/09/xmldsig#rsa-sha1" /><Reference URI="#Sitecore.MSCRM"><DigestMethod Algorithm="http://www.w3.org/2000/09/xmldsig#sha1" /><DigestValue>VU/1pNn8Ap4TzG64c+mGHKVhQaw=</DigestValue></Reference></SignedInfo><SignatureValue xmlns="http://www.w3.org/2000/09/xmldsig#">s9ryYGDXGlEb3c34+q/de8AePExHrJAao05abjtapGMr39bJF4zwTQxdkRTsfkq2Q1S88VFpvyy+M5MOvjxdB93gIUMmx+AtQ66asuEWp0Mjqgte8Lf9P41fg8MFaudyrlo6ks+vjO/+lm4u9fwCzLltbVYybaMYY+mvwTOG2Tg=</SignatureValue><KeyInfo xmlns="http://www.w3.org/2000/09/xmldsig#"><KeyValue><RSAKeyValue><Modulus>wRSGFs73V0JMKVVRCX9pEVmluvNojvtDvzHduZ+pX458q9THGbti8zEty6ydF7nxVFCRriONFm6w+PtcZhRT+eXMb21jzY6biII4BXdh91BmVZ96FyYROMnHS6zjfK7+oDbsVV8XWkZ11DiHa+9wySxQcc4fBd23xGYpo52p2fc=</Modulus><Exponent>AQAB</Exponent></RSAKeyValue></KeyValue></KeyInfo><Object Id="Sitecore.MSCRM" xmlns="http://www.w3.org/2000/09/xmldsig#"><module xmlns=""><idref>20220315015312</idref><name>Sitecore.MSCRM</name><count>1</count><expiration>21000101T000000</expiration><version>10</version><comment /><licenseagreement>?</licenseagreement></module></Object></Signature><Signature><SignedInfo xmlns="http://www.w3.org/2000/09/xmldsig#"><CanonicalizationMethod Algorithm="http://www.w3.org/TR/2001/REC-xml-c14n-20010315" /><SignatureMethod Algorithm="http://www.w3.org/2000/09/xmldsig#rsa-sha1" /><Reference URI="#SiteCore.Runtime"><DigestMethod Algorithm="http://www.w3.org/2000/09/xmldsig#sha1" /><DigestValue>9J0/tbyRGD7GM+887gKc7Qna8DM=</DigestValue></Reference></SignedInfo><SignatureValue xmlns="http://www.w3.org/2000/09/xmldsig#">GMUmfQ/fKJ5mUzd/Xd8XicUK7+Bt5+FJaAt0F84YNICohE/maEb9OOMPD/J5Odp8oQ3SoHz4YuHHLmEpNSCLh+4O92TUVDEnV4wIxu5FSR/sh9hKjabU21eX8LUPftuWMzvVdfLtqq0jMM+OrfpcB99JRzNRG9qp+8p1LqyQhQY=</SignatureValue><KeyInfo xmlns="http://www.w3.org/2000/09/xmldsig#"><KeyValue><RSAKeyValue><Modulus>wRSGFs73V0JMKVVRCX9pEVmluvNojvtDvzHduZ+pX458q9THGbti8zEty6ydF7nxVFCRriONFm6w+PtcZhRT+eXMb21jzY6biII4BXdh91BmVZ96FyYROMnHS6zjfK7+oDbsVV8XWkZ11DiHa+9wySxQcc4fBd23xGYpo52p2fc=</Modulus><Exponent>AQAB</Exponent></RSAKeyValue></KeyValue></KeyInfo><Object Id="SiteCore.Runtime" xmlns="http://www.w3.org/2000/09/xmldsig#"><module xmlns=""><idref>20220315015312</idref><name>SiteCore.Runtime</name><count>1</count><expiration>21000101T000000</expiration><version>10</version><comment /><licenseagreement>?</licenseagreement></module></Object></Signature><Signature><SignedInfo xmlns="http://www.w3.org/2000/09/xmldsig#"><CanonicalizationMethod Algorithm="http://www.w3.org/TR/2001/REC-xml-c14n-20010315" /><SignatureMethod Algorithm="http://www.w3.org/2000/09/xmldsig#rsa-sha1" /><Reference URI="#Sitecore.SXA"><DigestMethod Algorithm="http://www.w3.org/2000/09/xmldsig#sha1" /><DigestValue>rLfXdyB3SmRZOi+t/ejBdsms1Jg=</DigestValue></Reference></SignedInfo><SignatureValue xmlns="http://www.w3.org/2000/09/xmldsig#">aOrKRXsrCibDra6zVY8TyLi0/UiQWFY9T+WdUSrtwxjTUfc5gR4K2NlA3vPEbpf0+9ndHdo8Jtn1a5gxJ3Ep8LvdliSD9OIyrgCN7JYEFi2CNGa77An+4uUmrc8IvcvQuLlQZeaktM3h266klCBIbhx5MWMDnMN95L62k6TNAgY=</SignatureValue><KeyInfo xmlns="http://www.w3.org/2000/09/xmldsig#"><KeyValue><RSAKeyValue><Modulus>wRSGFs73V0JMKVVRCX9pEVmluvNojvtDvzHduZ+pX458q9THGbti8zEty6ydF7nxVFCRriONFm6w+PtcZhRT+eXMb21jzY6biII4BXdh91BmVZ96FyYROMnHS6zjfK7+oDbsVV8XWkZ11DiHa+9wySxQcc4fBd23xGYpo52p2fc=</Modulus><Exponent>AQAB</Exponent></RSAKeyValue></KeyValue></KeyInfo><Object Id="Sitecore.SXA" xmlns="http://www.w3.org/2000/09/xmldsig#"><module xmlns=""><idref>20220315015312</idref><name>Sitecore.SXA</name><count>1</count><expiration>21000101T000000</expiration><version>10</version><comment /><licenseagreement>?</licenseagreement></module></Object></Signature><Signature><SignedInfo xmlns="http://www.w3.org/2000/09/xmldsig#"><CanonicalizationMethod Algorithm="http://www.w3.org/TR/2001/REC-xml-c14n-20010315" /><SignatureMethod Algorithm="http://www.w3.org/2000/09/xmldsig#rsa-sha1" /><Reference URI="#Sitecore.xDB.Base"><DigestMethod Algorithm="http://www.w3.org/2000/09/xmldsig#sha1" /><DigestValue>k+VQu2rKZX9FbwPMMjNgFb+3ln8=</DigestValue></Reference></SignedInfo><SignatureValue xmlns="http://www.w3.org/2000/09/xmldsig#">GjicD5j3QgX7N7K6rvmT3JFSHPADyDxaGiEJp2h9TOjOYFYgNlXIK0UIYs33eN50uyu2x2JOS5ecM3d7E0JmDLItLR0LGyp4mANrNJv8wcoaDVX22EuhZcaIbYsg7wGFY29x/ciissdjNFp7gsvZfvxy6nPoLCZpIOj3x2elnzw=</SignatureValue><KeyInfo xmlns="http://www.w3.org/2000/09/xmldsig#"><KeyValue><RSAKeyValue><Modulus>wRSGFs73V0JMKVVRCX9pEVmluvNojvtDvzHduZ+pX458q9THGbti8zEty6ydF7nxVFCRriONFm6w+PtcZhRT+eXMb21jzY6biII4BXdh91BmVZ96FyYROMnHS6zjfK7+oDbsVV8XWkZ11DiHa+9wySxQcc4fBd23xGYpo52p2fc=</Modulus><Exponent>AQAB</Exponent></RSAKeyValue></KeyValue></KeyInfo><Object Id="Sitecore.xDB.Base" xmlns="http://www.w3.org/2000/09/xmldsig#"><module xmlns=""><idref>20220315015312</idref><name>Sitecore.xDB.Base</name><count>1</count><expiration>21000101T000000</expiration><version>10</version><comment /><licenseagreement>?</licenseagreement></module></Object></Signature><Signature><SignedInfo xmlns="http://www.w3.org/2000/09/xmldsig#"><CanonicalizationMethod Algorithm="http://www.w3.org/TR/2001/REC-xml-c14n-20010315" /><SignatureMethod Algorithm="http://www.w3.org/2000/09/xmldsig#rsa-sha1" /><Reference URI="#Sitecore.XP"><DigestMethod Algorithm="http://www.w3.org/2000/09/xmldsig#sha1" /><DigestValue>ZDr+YlYD1PbqqOKyizb4082yQpo=</DigestValue></Reference></SignedInfo><SignatureValue xmlns="http://www.w3.org/2000/09/xmldsig#">Kif7GquzZAEdwS2wQhoR0eqf9iOxokZFinhmfEoWTZ/1PVlemVufFwmnr8S+XwKoU8s6qBFkdA0fs8+3bwCM9sRu88kQp8AD+P8R4+5GQsNAnAigveM0WIj7ETOwhOskpsUqLiEdZX3RQ6l3ScAaIIfPlDA1c2dsidYRLmyUo7w=</SignatureValue><KeyInfo xmlns="http://www.w3.org/2000/09/xmldsig#"><KeyValue><RSAKeyValue><Modulus>wRSGFs73V0JMKVVRCX9pEVmluvNojvtDvzHduZ+pX458q9THGbti8zEty6ydF7nxVFCRriONFm6w+PtcZhRT+eXMb21jzY6biII4BXdh91BmVZ96FyYROMnHS6zjfK7+oDbsVV8XWkZ11DiHa+9wySxQcc4fBd23xGYpo52p2fc=</Modulus><Exponent>AQAB</Exponent></RSAKeyValue></KeyValue></KeyInfo><Object Id="Sitecore.XP" xmlns="http://www.w3.org/2000/09/xmldsig#"><module xmlns=""><idref>20220315015312</idref><name>Sitecore.XP</name><count>1</count><expiration>21000101T000000</expiration><version>10</version><comment /><licenseagreement>?</licenseagreement></module></Object></Signature><Signature><SignedInfo xmlns="http://www.w3.org/2000/09/xmldsig#"><CanonicalizationMethod Algorithm="http://www.w3.org/TR/2001/REC-xml-c14n-20010315" /><SignatureMethod Algorithm="http://www.w3.org/2000/09/xmldsig#rsa-sha1" /><Reference URI="#Sitecore.Visit"><DigestMethod Algorithm="http://www.w3.org/2000/09/xmldsig#sha1" /><DigestValue>q138bL3WHKFP2m7JcgNemBXcR88=</DigestValue></Reference></SignedInfo><SignatureValue xmlns="http://www.w3.org/2000/09/xmldsig#">TI+91UrGVpuAr87/W6qAlmhod4rRldJYOE5LnMtbF5aWom/yVkuYF/eboFhz2d2wRfqtTqSANsdKYGxUHmfl7SwsFsITTx/dejU6cVJZv+2fn3U/wFPWq0KuOHFRjbj8jzC3UmRCPQFscY/wj5ARm7tnwPR50jr250Wa7FLuTpc=</SignatureValue><KeyInfo xmlns="http://www.w3.org/2000/09/xmldsig#"><KeyValue><RSAKeyValue><Modulus>wRSGFs73V0JMKVVRCX9pEVmluvNojvtDvzHduZ+pX458q9THGbti8zEty6ydF7nxVFCRriONFm6w+PtcZhRT+eXMb21jzY6biII4BXdh91BmVZ96FyYROMnHS6zjfK7+oDbsVV8XWkZ11DiHa+9wySxQcc4fBd23xGYpo52p2fc=</Modulus><Exponent>AQAB</Exponent></RSAKeyValue></KeyValue></KeyInfo><Object Id="Sitecore.Visit" xmlns="http://www.w3.org/2000/09/xmldsig#"><module xmlns=""><idref>20220315015312</idref><name>Sitecore.Visit</name><count>3416694</count><expiration>21000101T000000</expiration><version>10</version><comment /><licenseagreement>?</licenseagreement></module></Object></Signature><Signature><SignedInfo xmlns="http://www.w3.org/2000/09/xmldsig#"><CanonicalizationMethod Algorithm="http://www.w3.org/TR/2001/REC-xml-c14n-20010315" /><SignatureMethod Algorithm="http://www.w3.org/2000/09/xmldsig#rsa-sha1" /><Reference URI="#Sitecore.Env.NonProd"><DigestMethod Algorithm="http://www.w3.org/2000/09/xmldsig#sha1" /><DigestValue>amKVA+PnJmx9Y75oDFXPvRGjSyU=</DigestValue></Reference></SignedInfo><SignatureValue xmlns="http://www.w3.org/2000/09/xmldsig#">NVJBFMgrwtJYBvwahIq3QpbmBBM6pdreE8Uw4J2zNxs9K1kiO/QMgVEurxDE9Kdg4pyls3YtVpsdZajRtuptKgwj91CP405lvEBID9ZS2SMldNOrCVfZppGTv/zHVJErS+B/nv4eYHtWtlpGAwCi0I8GJ29LxGHPdiJoBlT3BuA=</SignatureValue><KeyInfo xmlns="http://www.w3.org/2000/09/xmldsig#"><KeyValue><RSAKeyValue><Modulus>wRSGFs73V0JMKVVRCX9pEVmluvNojvtDvzHduZ+pX458q9THGbti8zEty6ydF7nxVFCRriONFm6w+PtcZhRT+eXMb21jzY6biII4BXdh91BmVZ96FyYROMnHS6zjfK7+oDbsVV8XWkZ11DiHa+9wySxQcc4fBd23xGYpo52p2fc=</Modulus><Exponent>AQAB</Exponent></RSAKeyValue></KeyValue></KeyInfo><Object Id="Sitecore.Env.NonProd" xmlns="http://www.w3.org/2000/09/xmldsig#"><module xmlns=""><idref>20220315015312</idref><name>Sitecore.Env.NonProd</name><count>3</count><expiration>21000101T000000</expiration><version>10</version><comment /><licenseagreement>?</licenseagreement></module></Object></Signature><Signature><SignedInfo xmlns="http://www.w3.org/2000/09/xmldsig#"><CanonicalizationMethod Algorithm="http://www.w3.org/TR/2001/REC-xml-c14n-20010315" /><SignatureMethod Algorithm="http://www.w3.org/2000/09/xmldsig#rsa-sha1" /><Reference URI="#Sitecore.Env.NonProdEnv"><DigestMethod Algorithm="http://www.w3.org/2000/09/xmldsig#sha1" /><DigestValue>ARTbfmcKY9HFlgdX81xGOYpNJkY=</DigestValue></Reference></SignedInfo><SignatureValue xmlns="http://www.w3.org/2000/09/xmldsig#">jmQYx1TnbXcLLFFEBJamL9PqZID4rsVa8AQ4Rony9sUKyJ7NyRJH/a63TXdhu/dNhoowjwIwoqo0EOAZUsAng7NPLaiDOCsgSoPu8Mvlozs74Vwc6Y0UjhKM/WhjvgB/tWf8lpYzOB3hFwacTRHPj9jFVKgq34JWme5AkKxGz5w=</SignatureValue><KeyInfo xmlns="http://www.w3.org/2000/09/xmldsig#"><KeyValue><RSAKeyValue><Modulus>wRSGFs73V0JMKVVRCX9pEVmluvNojvtDvzHduZ+pX458q9THGbti8zEty6ydF7nxVFCRriONFm6w+PtcZhRT+eXMb21jzY6biII4BXdh91BmVZ96FyYROMnHS6zjfK7+oDbsVV8XWkZ11DiHa+9wySxQcc4fBd23xGYpo52p2fc=</Modulus><Exponent>AQAB</Exponent></RSAKeyValue></KeyValue></KeyInfo><Object Id="Sitecore.Env.NonProdEnv" xmlns="http://www.w3.org/2000/09/xmldsig#"><module xmlns=""><idref>20220315015312</idref><name>Sitecore.Env.NonProdEnv</name><count>3</count><expiration>21000101T000000</expiration><version>10</version><comment /><licenseagreement>?</licenseagreement></module></Object></Signature><Signature><SignedInfo xmlns="http://www.w3.org/2000/09/xmldsig#"><CanonicalizationMethod Algorithm="http://www.w3.org/TR/2001/REC-xml-c14n-20010315" /><SignatureMethod Algorithm="http://www.w3.org/2000/09/xmldsig#rsa-sha1" /><Reference URI="#SiteCore.EditorUser"><DigestMethod Algorithm="http://www.w3.org/2000/09/xmldsig#sha1" /><DigestValue>NIoZnk/RiiQ2PEjb/V7UFc0Ft+s=</DigestValue></Reference></SignedInfo><SignatureValue xmlns="http://www.w3.org/2000/09/xmldsig#">cwjricQ8vbTjuvNu/yUcA/L66UFdMzs4es30/KIUh1GFMWWBteWpLnPwLzK+KLvMQYkVcA5pC5aG0M3L7YQ+4bvHj1Jw0aKImcla19F/5W47W5KEP4LCf569Ko7f+fybJmWA3NrKfLqYx8vbY1bZ9X2Vz635ncOFIe4tlPqvex4=</SignatureValue><KeyInfo xmlns="http://www.w3.org/2000/09/xmldsig#"><KeyValue><RSAKeyValue><Modulus>wRSGFs73V0JMKVVRCX9pEVmluvNojvtDvzHduZ+pX458q9THGbti8zEty6ydF7nxVFCRriONFm6w+PtcZhRT+eXMb21jzY6biII4BXdh91BmVZ96FyYROMnHS6zjfK7+oDbsVV8XWkZ11DiHa+9wySxQcc4fBd23xGYpo52p2fc=</Modulus><Exponent>AQAB</Exponent></RSAKeyValue></KeyValue></KeyInfo><Object Id="SiteCore.EditorUser" xmlns="http://www.w3.org/2000/09/xmldsig#"><module xmlns=""><idref>20220315015312</idref><name>SiteCore.EditorUser</name><count>12</count><expiration>21000101T000000</expiration><version>10</version><comment /><licenseagreement>?</licenseagreement></module></Object></Signature><Signature><SignedInfo xmlns="http://www.w3.org/2000/09/xmldsig#"><CanonicalizationMethod Algorithm="http://www.w3.org/TR/2001/REC-xml-c14n-20010315" /><SignatureMethod Algorithm="http://www.w3.org/2000/09/xmldsig#rsa-sha1" /><Reference URI="#Sitecore.Domain"><DigestMethod Algorithm="http://www.w3.org/2000/09/xmldsig#sha1" /><DigestValue>bsqJQsDRwOc0NktiVqMFcT7/y6g=</DigestValue></Reference></SignedInfo><SignatureValue xmlns="http://www.w3.org/2000/09/xmldsig#">e/qTj9qdWH2HPMqJ3YmzI8YTFe23vTAP2cuXZP5Ig13vXb5EE12MIYwSWSJppNWqzqd/x2iFIGbYH4SzZmdVBib4GTC+pLmtLuXAt44Xx8/mD4gNdrIHyyXmNeh11GnomkFZ6vmDB1yyXxhdw8k8ygGkDM1oOr0KekaB9gbWWc0=</SignatureValue><KeyInfo xmlns="http://www.w3.org/2000/09/xmldsig#"><KeyValue><RSAKeyValue><Modulus>wRSGFs73V0JMKVVRCX9pEVmluvNojvtDvzHduZ+pX458q9THGbti8zEty6ydF7nxVFCRriONFm6w+PtcZhRT+eXMb21jzY6biII4BXdh91BmVZ96FyYROMnHS6zjfK7+oDbsVV8XWkZ11DiHa+9wySxQcc4fBd23xGYpo52p2fc=</Modulus><Exponent>AQAB</Exponent></RSAKeyValue></KeyValue></KeyInfo><Object Id="Sitecore.Domain" xmlns="http://www.w3.org/2000/09/xmldsig#"><module xmlns=""><idref>20220315015312</idref><name>Sitecore.Domain</name><count>4</count><expiration>21000101T000000</expiration><version>10</version><comment /><licenseagreement>?</licenseagreement></module></Object></Signature></signedlicense>