{
  "namespace": "iData.Feature.Brightcove",
  "references": [
    "iData.Feature.Serialization"
  ],
  "items": {
    "includes": [
      {
        "name": "Renderings",
        "path": "/sitecore/layout/Renderings/Feature/Brightcove",
        "scope": "itemAndDescendants",
        "allowedPushOperations": "createUpdateAndDelete"
      },
      {
        "name": "RenderingsContentResolvers",
        "path": "/sitecore/system/Modules/Layout Service/Rendering Contents Resolvers/Feature/Brightcove",
        "scope": "itemAndDescendants",
        "allowedPushOperations": "createUpdateAndDelete"
      }
    ]
  }
}